{"cameraMode":{"drawMode":0,"name":"Shaded","section":"Shading Mode"},"sceneLighting":false,"audioPlay":false,"sceneViewState":{"m_AlwaysRefresh":false,"showFog":true,"showSkybox":false,"showFlares":true,"showImageEffects":true,"showParticleSystems":true,"showVisualEffectGraphs":true,"m_FxEnabled":true},"in2DMode":false,"pivot":{"x":23.61801528930664,"y":0.2502363324165344,"z":19.058860778808595},"rotation":{"x":0.052754517644643787,"y":0.6630363464355469,"z":-0.04668891057372093,"w":0.7453896999359131},"size":0.7204723358154297,"orthographic":false}