{"cameraMode":{"drawMode":0,"name":"Shaded","section":"Shading Mode"},"sceneLighting":false,"audioPlay":false,"sceneViewState":{"m_AlwaysRefresh":false,"showFog":true,"showSkybox":false,"showFlares":true,"showImageEffects":true,"showParticleSystems":true,"showVisualEffectGraphs":true,"m_FxEnabled":true},"in2DMode":false,"pivot":{"x":478.7620544433594,"y":491.6946105957031,"z":-470.26068115234377},"rotation":{"x":0.20398609340190888,"y":-0.07328648120164871,"z":0.015372398309409619,"w":0.9761775135993958},"size":0.2321471869945526,"orthographic":false}