{"cameraMode":{"drawMode":0,"name":"Shaded","section":"Shading Mode"},"sceneLighting":false,"audioPlay":false,"sceneViewState":{"m_AlwaysRefresh":false,"showFog":true,"showSkybox":false,"showFlares":true,"showImageEffects":true,"showParticleSystems":true,"showVisualEffectGraphs":true,"m_FxEnabled":true},"in2DMode":false,"pivot":{"x":26.090801239013673,"y":1.1191285848617554,"z":8.897104263305664},"rotation":{"x":0.2947354018688202,"y":-0.044612884521484378,"z":0.013772435486316681,"w":0.9544932842254639},"size":1.4248353242874146,"orthographic":false}