{"cameraMode":{"drawMode":0,"name":"Shaded","section":"Shading Mode"},"sceneLighting":false,"audioPlay":false,"sceneViewState":{"m_AlwaysRefresh":false,"showFog":true,"showSkybox":false,"showFlares":true,"showImageEffects":true,"showParticleSystems":true,"showVisualEffectGraphs":true,"m_FxEnabled":true},"in2DMode":false,"pivot":{"x":-0.7057962417602539,"y":1.0585510730743409,"z":1.2445287704467774},"rotation":{"x":0.047453224658966067,"y":-0.03623722866177559,"z":0.002311497461050749,"w":0.9986421465873718},"size":0.7138640880584717,"orthographic":false}