{"cameraMode":{"drawMode":0,"name":"Shaded","section":"Shading Mode"},"sceneLighting":false,"audioPlay":false,"sceneViewState":{"m_AlwaysRefresh":false,"showFog":true,"showSkybox":false,"showFlares":true,"showImageEffects":true,"showParticleSystems":true,"showVisualEffectGraphs":true,"m_FxEnabled":true},"in2DMode":false,"pivot":{"x":25.81100082397461,"y":0.6114006042480469,"z":8.397893905639649},"rotation":{"x":0.28279542922973635,"y":0.0898020789027214,"z":-0.026609066873788835,"w":0.9546350836753845},"size":1.4248353242874146,"orthographic":false}