{"cameraMode":{"drawMode":0,"name":"Shaded","section":"Shading Mode"},"sceneLighting":false,"audioPlay":false,"sceneViewState":{"m_AlwaysRefresh":false,"showFog":true,"showSkybox":false,"showFlares":true,"showImageEffects":true,"showParticleSystems":true,"showVisualEffectGraphs":true,"m_FxEnabled":true},"in2DMode":false,"pivot":{"x":0.42665621638298037,"y":0.30834805965423586,"z":-0.27107253670692446},"rotation":{"x":-0.20898479223251344,"y":0.5319377779960632,"z":-0.1379355639219284,"w":-0.8093464970588684},"size":0.5924485921859741,"orthographic":false}