{"cameraMode":{"drawMode":0,"name":"Shaded","section":"Shading Mode"},"sceneLighting":false,"audioPlay":false,"sceneViewState":{"m_AlwaysRefresh":false,"showFog":true,"showSkybox":false,"showFlares":true,"showImageEffects":true,"showParticleSystems":true,"showVisualEffectGraphs":true,"m_FxEnabled":true},"in2DMode":false,"pivot":{"x":14.570474624633789,"y":0.8593207001686096,"z":6.775491714477539},"rotation":{"x":-0.07212380319833756,"y":-0.37817439436912539,"z":0.02829558216035366,"w":-0.9230735898017883},"size":1.2443053722381592,"orthographic":false}