{"cameraMode":{"drawMode":0,"name":"Shaded","section":"Shading Mode"},"sceneLighting":false,"audioPlay":false,"sceneViewState":{"m_AlwaysRefresh":false,"showFog":true,"showSkybox":false,"showFlares":true,"showImageEffects":true,"showParticleSystems":true,"showVisualEffectGraphs":true,"m_FxEnabled":true},"in2DMode":false,"pivot":{"x":-0.002065300941467285,"y":1.0814615488052369,"z":-0.7645730972290039},"rotation":{"x":0.2182668149471283,"y":0.32912617921829226,"z":-0.0771721750497818,"w":0.9160350561141968},"size":1.3641549348831177,"orthographic":false}